review,sentiment
"This movie was fantastic! The performances were oscar-worthy and the story was gripping.",positive
"Absolutely terrible. The plot made no sense and the acting was horrible.",negative
"I really enjoyed this film. Great visuals and well-developed characters.",positive
"Worst movie I have ever seen. Total waste of time.",negative
"Brilliant! A masterpiece with stunning performances and direction.",positive
"This film was disappointing, predictable and boring.",negative
"A wonderful experience. The cinematography and soundtrack were beautiful.",positive
"Terrible script and weak performances. Not recommended.",negative
"An excellent film. Highly entertaining and emotional.",positive
"The movie was bad. Poor acting and weak storyline.",negative
"Outstanding! The lead actor delivered an unforgettable performance.",positive
"I hated this film. It was dull and far too long.",negative
"Amazing movie. It kept me hooked from start to finish.",positive
"The story was flat, and the dialogues were cringe-worthy.",negative
"One of the best films I have ever seen. Truly heartwarming.",positive
"The worst kind of cliché movie. Nothing original here.",negative
"Great performances and a touching storyline. Highly recommended.",positive
"Awful. Poor direction and messy screenplay.",negative
"This was an emotional rollercoaster. Brilliantly made.",positive
"I regret watching this movie. It was painful to sit through.",negative
"Fantastic film with top-notch direction and acting.",positive
"A complete failure. The movie lacked substance and meaning.",negative
"Superb! The cast, story, and music all blended perfectly.",positive
"Terrible editing and confusing narrative. Not worth it.",negative
"Absolutely loved this movie. Pure entertainment.",positive
"Poorly executed and badly written. Waste of money.",negative
"A delightful watch. Warm, funny, and inspiring.",positive
"I walked out halfway through. It was that bad.",negative
"Excellent plot and amazing character development.",positive
"Cheesy, predictable, and painfully slow.",negative
"Truly one of the best films in recent years.",positive
"A disaster. The director ruined a good idea.",negative
"Beautifully shot and emotionally powerful.",positive
"Unrealistic story and wooden acting. Skip this one.",negative
"Captivating from start to finish. A real gem.",positive
"One of the most boring movies I’ve seen this year.",negative
"A heartwarming story with strong performances.",positive
"Nothing but nonsense. Couldn’t wait for it to end.",negative
"Brilliantly directed with a stellar cast.",positive
"Terrible. The hype was completely undeserved.",negative
"Super entertaining. I would watch it again.",positive
"This movie is trash. No redeeming qualities.",negative
"Stunning visuals and a powerful message.",positive
"Bad pacing and terrible dialogue.",negative
"A truly remarkable film. Highly recommended.",positive
"It felt like the movie would never end. So boring.",negative
"An inspiring and unforgettable movie experience.",positive
"One of the worst movies ever made.",negative
